Workbook

Sheet Summary
A1: AI 헬스케어 시장 — 증거 데이터베이스
A3: 목표 | B3: AI 헬스케어 시장을 조사해서 새로운 사업 아이디어를 만들고 투자자용 PPT까지 만들어줘
A4: 검증된 주장 | B4: 14
A5: 전체 주장 | B5: 17
A6: 원문 확인 출처 | B6: 6
A7: 접근 실패 | B7: 1
A9: 표기 규칙
A10: ASSUMPTION
A11: USER INPUT
A12: SOURCE
A13: ESTIMATE
A14: FACT

Sheet Assumptions
A1: Key | B1: 항목 | C1: 값 | D1: 단위 | E1: 구분 | F1: 출처 | G1: 비고
A2: customers_y1 | B2: 1년차 유료 고객 수 | C2: 200 | D2: 명 | E2: ASSUMPTION | G2: 사용자 검토 필요
A3: customer_growth | B3: 연간 고객 성장률 | C3: 0.6 | D3: % | E3: ASSUMPTION
A4: arpu | B4: 고객당 연 매출(ARPU) | C4: 1200000 | D4: 원 | E4: ASSUMPTION
A5: price_growth | B5: 연간 가격 인상률 | C5: 0.03 | D5: % | E5: ASSUMPTION
A6: gross_margin | B6: 매출총이익률 | C6: 0.7 | D6: % | E6: ASSUMPTION
A7: fixed_costs_y1 | B7: 1년차 고정비 | C7: 300000000 | D7: 원 | E7: ASSUMPTION
A8: fixed_cost_growth | B8: 고정비 증가율 | C8: 0.25 | D8: % | E8: ASSUMPTION
A9: cac | B9: 고객 획득 비용(CAC) | C9: 400000 | D9: 원 | E9: ASSUMPTION
A10: churn | B10: 연간 이탈률 | C10: 0.2 | D10: % | E10: ASSUMPTION

Sheet Model
A1: 재무 모델 (모든 값은 Assumptions 시트의 가정에서 수식으로 계산됨)
A3: 연도 | B3: 고객 수 | C3: 신규 고객 | D3: ARPU | E3: 매출 | F3: 매출총이익 | G3: 고정비 | H3: 고객획득비 | I3: 영업이익 | J3: 누적 영업이익
A4: 1 | B4: =Assumptions!$C$2 | C4: =MAX(B4,0) | D4: =Assumptions!$C$4 | E4: =B4*D4 | F4: =E4*Assumptions!$C$6 | G4: =Assumptions!$C$7 | H4: =C4*Assumptions!$C$9 | I4: =F4-G4-H4 | J4: =I4
A5: 2 | B5: =B4*(1+Assumptions!$C$3) | C5: =MAX(B5-B4*(1-Assumptions!$C$10),0) | D5: =D4*(1+Assumptions!$C$5) | E5: =B5*D5 | F5: =E5*Assumptions!$C$6 | G5: =G4*(1+Assumptions!$C$8) | H5: =C5*Assumptions!$C$9 | I5: =F5-G5-H5 | J5: =J4+I5
A6: 3 | B6: =B5*(1+Assumptions!$C$3) | C6: =MAX(B6-B5*(1-Assumptions!$C$10),0) | D6: =D5*(1+Assumptions!$C$5) | E6: =B6*D6 | F6: =E6*Assumptions!$C$6 | G6: =G5*(1+Assumptions!$C$8) | H6: =C6*Assumptions!$C$9 | I6: =F6-G6-H6 | J6: =J5+I6
A7: 4 | B7: =B6*(1+Assumptions!$C$3) | C7: =MAX(B7-B6*(1-Assumptions!$C$10),0) | D7: =D6*(1+Assumptions!$C$5) | E7: =B7*D7 | F7: =E7*Assumptions!$C$6 | G7: =G6*(1+Assumptions!$C$8) | H7: =C7*Assumptions!$C$9 | I7: =F7-G7-H7 | J7: =J6+I7
A8: 5 | B8: =B7*(1+Assumptions!$C$3) | C8: =MAX(B8-B7*(1-Assumptions!$C$10),0) | D8: =D7*(1+Assumptions!$C$5) | E8: =B8*D8 | F8: =E8*Assumptions!$C$6 | G8: =G7*(1+Assumptions!$C$8) | H8: =C8*Assumptions!$C$9 | I8: =F8-G8-H8 | J8: =J7+I8
A10: LTV | B10: =Assumptions!$C$4*Assumptions!$C$6*(1/Assumptions!$C$10)
A11: LTV/CAC | B11: =B10/Assumptions!$C$9
A12: CAC 회수기간(월) | B12: =Assumptions!$C$9/(Assumptions!$C$4*Assumptions!$C$6/12)

Sheet Claims
A1: ID | B1: 구분 | C1: 주장 | D1: 검증 상태 | E1: 신뢰도 | F1: 출처 번호 | G1: 출처 ID | H1: 페이지 | I1: 인용문 | J1: 검증 메모
A2: 1 | B2: FACT | C2: 국내 AI 헬스케어 시장 규모는 2024년 1조 2,000억원으로 집계되었다. | D2: verified | E2: 0.99 | F2: 1 | G2: 1 | H2: 1 | I2: 국내 AI 헬스케어 시장 규모는 2024년 1조 2,000억원으로 집계되었다. | J2: 저등급 출처(#7)와 수치 상이 — 교차 확인된 이 수치를 채택
A3: 2 | B3: ESTIMATE | C3: 정부는 국내 AI 헬스케어 시장 규모가 2028년 3조 5,000억원에 이를 것으로 전망했다. | D3: verified | E3: 0.99 | F3: 1 | G3: 1 | H3: 1 | I3: 정부는 국내 AI 헬스케어 시장 규모가 2028년 3조 5,000억원에 이를 것으로 전망했다.
A4: 3 | B4: FACT | C4: 보건복지부는 2025년 3월 10일 AI 헬스케어 산업 육성 방안을 발표했다. | D4: verified | E4: 0.99 | F4: 1 | G4: 1 | H4: 1 | I4: 보건복지부는 2025년 3월 10일 AI 헬스케어 산업 육성 방안을 발표했다.
A5: 4 | B5: FACT | C5: 의료 현장의 인력 부족 문제가 AI 도입의 주요 배경으로 지적되었다. | D5: verified | E5: 0.99 | F5: 1 | G5: 1 | H5: 1 | I5: 의료 현장의 인력 부족 문제가 AI 도입의 주요 배경으로 지적되었다.
A6: 5 | B6: FACT | C6: 정부는 개인정보 보호 규제와 의료기기 인허가 절차를 개선할 계획이다. | D6: verified | E6: 0.99 | F6: 1 | G6: 1 | H6: 1 | I6: 정부는 개인정보 보호 규제와 의료기기 인허가 절차를 개선할 계획이다.
A7: 6 | B7: FACT | C7: 국내 AI 헬스케어 시장 규모는 2023년 9,500억원에서 2024년 1조 2,000억원으로 성장하였다. | D7: verified | E7: 0.99 | F7: 2 | G7: 2 | H7: 1 | I7: 국내 AI 헬스케어 시장 규모는 2023년 9,500억원에서 2024년 1조 2,000억원으로 성장하였다.
A8: 7 | B8: FACT | C8: AI 헬스케어 스타트업의 주요 비즈니스 모델은 병원 대상 구독형 소프트웨어이다. | D8: verified | E8: 0.99 | F8: 2 | G8: 2 | H8: 2 | I8: AI 헬스케어 스타트업의 주요 비즈니스 모델은 병원 대상 구독형 소프트웨어이다.
A9: 8 | B9: ESTIMATE | C9: 보고서는 AI 헬스케어 시장이 연평균 30% 성장할 것으로 추정한다. | D9: verified | E9: 0.99 | F9: 2 | G9: 2 | H9: 3 | I9: 보고서는 AI 헬스케어 시장이 연평균 30% 성장할 것으로 추정한다.
A10: 9 | B10: FACT | C10: 국내 AI 헬스케어 시장에서 영상 판독 분야가 전체 매출의 45%를 차지한다. | D10: verified | E10: 0.99 | F10: 2 | G10: 2 | H10: 2 | I10: 국내 AI 헬스케어 시장에서 영상 판독 분야가 전체 매출의 45%를 차지한다.
A11: 10 | B11: FACT | C11: 주요 경쟁사는 대형 병원 연계 스타트업과 글로벌 빅테크 기업이다. | D11: verified | E11: 0.99 | F11: 2 | G11: 2 | H11: 2 | I11: 주요 경쟁사는 대형 병원 연계 스타트업과 글로벌 빅테크 기업이다.
A12: 11 | B12: FACT | C12: The AI healthcare models still showed errors in rare disease cases, which remains a key challenge for clinical deployment. | D12: verified | E12: 0.95 | F12: 3 | G12: 3 | H12: 1 | I12: The AI healthcare models still showed errors in rare disease cases, which remains a key challenge for clinical deployment.
A13: 12 | B13: FACT | C13: In 2020, fewer than 20% of OECD countries had a national strategy on AI in health. | D13: outdated | E13: 0.8 | G13: 4 | H13: 1 | I13: In 2020, fewer than 20% of OECD countries had a national strategy on AI in health. | J13: 5.6년 전 자료 — 최신성 확인 필요
A14: 13 | B14: FACT | C14: AI healthcare regulation and privacy governance remain policy challenges for governments. | D14: outdated | E14: 0.8 | G14: 4 | H14: 1 | I14: AI healthcare regulation and privacy governance remain policy challenges for governments. | J14: 5.6년 전 자료 — 최신성 확인 필요
A15: 14 | B15: ESTIMATE | C15: The global AI in healthcare market was valued at 26.6 billion dollars in 2024, according to industry estimates. | D15: verified | E15: 0.75 | F15: 4 | G15: 5 | H15: 1 | I15: The global AI in healthcare market was valued at 26.6 billion dollars in 2024, according to industry estimates.
A16: 15 | B16: FACT | C16: Big tech companies and startups compete for hospital contracts in the AI healthcare market. | D16: verified | E16: 0.75 | F16: 4 | G16: 5 | H16: 1 | I16: Big tech companies and startups compete for hospital contracts in the AI healthcare market.
A17: 16 | B17: FACT | C17: 국내 AI 헬스케어 시장 규모는 2024년 5조원으로 집계되었다. | D17: contradicted | E17: 0.6 | G17: 7 | H17: 1 | I17: 국내 AI 헬스케어 시장 규모는 2024년 5조원으로 집계되었다. | J17: 상위·교차확인 출처(#1)와 수치 충돌
A18: 17 | B18: OPINION | C18: 누구나 AI 헬스케어로 큰 돈을 벌 수 있다고 생각한다. | D18: verified | E18: 0.6 | G18: 7 | H18: 1 | I18: 누구나 AI 헬스케어로 큰 돈을 벌 수 있다고 생각한다.

Sheet Sources
A1: ID | B1: 인용 번호 | C1: 제목 | D1: 발행처 | E1: 유형 | F1: 등급(1=정부) | G1: 발행일 | H1: 접근일 | I1: 원문 확인 | J1: URL | K1: 오류
A2: 1 | B2: 1 | C2: 보건복지부 AI 헬스케어 육성 정책 발표 | D2: 보건복지부 | E2: government | F2: 1 | G2: 2025-03-10 | H2: 2026-09-26 | I2: Y | J2: https://www.mohw.go.kr/policy/ai-healthcare-2025
A3: 2 | B3: 2 | C3: AI 헬스케어 시장 분석 보고서 2025 | D3: kdi.re.kr | E3: government | F3: 1 | G3: 2025-05-20 | H3: 2026-09-26 | I3: Y | J3: https://www.kdi.re.kr/report/ai-health-market-2025.pdf
A4: 3 | B4: 3 | C4: Evaluating Large Language Models on Medical Licensing Exams | D4: arxiv.org | E4: academic | F4: 3 | G4: 2025-01-15 | H4: 2026-09-26 | I4: Y | J4: https://arxiv.org/abs/2501.01234
A5: 4 | C5: OECD: Artificial intelligence in health | D5: oecd.org | E5: international_org | F5: 4 | G5: 2021-02-01 | H5: 2026-09-26 | I5: Y | J5: https://www.oecd.org/health/ai-in-health-2021
A6: 5 | B6: 4 | C6: Global AI healthcare market keeps growing | D6: reuters.com | E6: media | F6: 6 | G6: 2025-06-01 | H6: 2026-09-26 | I6: Y | J6: https://www.reuters.com/technology/ai-healthcare-market-2025
A7: 6 | C7: AI 헬스케어 유료 기사 | D7: paywalled-news.invalid | E7: media | F7: 6 | G7: 2025-02-02 | H7: 2026-09-26 | I7: N | J7: https://www.paywalled-news.invalid/ai-healthcare | K7: DNS resolution failed for www.paywalled-news.invalid
A8: 7 | C8: AI 헬스케어 시장 대박 전망 | D8: blog.example.com | E8: other | F8: 7 | G8: 2025-04-02 | H8: 2026-09-26 | I8: Y | J8: https://blog.example.com/ai-healthcare-hype
